,title,name_structure,territory,url,theme,form,target,duration,keywords,difficulty,date,date_heure,live,synopsis,image,commentaire,question,good_answer,prop_1,prop_2,answer
28/08/2020 10:11:36,Sur les traces d'inventifs aindinois,Radio RCF Pays de l'Ain,Ain,https://rcf.fr/actualite/actualite-locale/l-heure-aindinoise,th1,f5,p3,t3,"abeille, étang, moulin, centrale hydroélectrique, ",Curieux,,,False,"Bienvenue dans cette visite guidée par des collégiens, avec un apiculteur, un propriétaire d’étang, le Président de la Fédération des moulins de l’Ain et le responsable d’une centrale hydroélectrique. Comment s’allier à la nature pour fabriquer miel et farine, élever des poissons ou produire l’énergie ? Ecoutez, et vous saurez.",https://drive.google.com/file/d/1qgQs2PXlrmWOeK3ldtNuH6SCslU_kqVs/view?usp=sharing,,Où trouve-t-on la plus grande surface d’étangs à vocation piscicole ?,Dans la Dombes,Dans le Forez,En Lorraine,"La Dombes compte 1 100 étangs, sur 11 500 Ha. Ces étangs ont été créés au 13e siècle, quand les paysans ont eu besoin de drainer les sols argileux, pour produire des céréales. Ils ont aussi servi à la pisciculture, en essor au Moyen-Âge."
28/08/2020 16:21:05,Festival Particule.com,CC-IN2P3,Rhône,http://festivalparticule.com,"th3,th7","f1,f6,f10",p3,t3,"physique, informatique, matière noire, web, particules, astronomie, twitch",Curieux,08/10/0020,19:00:00,,"Qu’est-ce que la matière noire ? Connaissez-vous le plus grand accélérateur de particules du monde ? En direct du Centre de Calcul de l’IN2P3, berceau du Web français, les chercheurs vous guident dans les mondes de la physique et de l’informatique. Préparez vos questions !",https://drive.google.com/file/d/1o9c7p667BjyL7C9rRAT-FyGlxOTe9Vmc/view?usp=sharing,,Où fabrique-t-on les miroirs les plus parfaits ?,A Villeurbanne (France),A Austin (USA),A Genève (Suisse),"Le laboratoire des matériaux avancés (LMA) de Villeurbanne fabrique les miroirs les plus parfaits au monde. Ils servent à réaliser des instruments de très grande précision, et notamment celui ayant permis la première observation des ondes gravitationnelles."
28/08/2020 16:26:36,J'veux du soleil dans mon réseau,Hespul,Rhône,"inscriptions sur https://forms.gle/aGc1mRD88gqq72XX6, nous fournirons alors le lien zoom pour se connecter",th1,"f6,f12",p3,t4,"énergie, énergie renouvelable, photovoltaïque, solaire, électricité, ressources pédagogiques",Curieux,10/10/2020,10:00:00,,"Pas d’électricité les jours sans soleil. C’est trop cher. Les panneaux ne se recyclent pas. S’il vous reste quelques idées reçues sur l’énergie photovoltaïque, participez à l’atelier pratique sur le sujet avec l’Hespul. Et, surtout, amusez-vous bien !",https://drive.google.com/file/d/1QYwbI9JNCWo1WDxCh3Rbi39OzznyRHL3/view?usp=sharing,,Les panneaux photovoltaïques sont difficilement recyclables.,Faux,Vrai,,"Faux. 95 % d'un panneau photovoltaïque est recyclable. La filière est déjà en place. En plus, les panneaux sont faits pour durer : après 25 ans d’utilisation, ils bénéficient encore de 80 % de leur capacité pour produire de l’électricité."
28/08/2020 18:06:32,Dessine-moi ma planète de demain,Collège Notre Dame,Rhône,https://view.genial.ly/5f061d73df9d550d0912c711/interactive-content-dessine-moi-ma-planete,th3,f8,p2,t3,"terre, environnement, développement durable, vie durable, evolution",Curieux,,,False,Prêt à vous lancer dans un escape game ? Cette animation interactive donne des clés de compréhension sur l’évolution de la vie sur Terre et le développement durable. Imaginons ensemble un lieu dans l'Univers où il fera bon de vivre. Vous remporterez votre badge de compétences en astronomie.,https://drive.google.com/file/d/1C4XB5R_STc2dXPkkNJoxjYvLYcXgu6Cn/view?usp=sharing,,L’Organisation de Coopération et Développement Économique (OCDE) prévoit pour 2050 :, Un recul de 10 % de la biodiversité terrestre, Une baisse de la superficie des forêts adultes d’environ 25 %, Une augmentation de plus de 80 % de la demande d’eau douce,"Les Perspectives de l’environnement de l’OCDE estime que la biodiversité reculera de 10 % à l’horizon 2050. Il est urgent d’agir pour répondre aux besoins de 2 milliards de personnes supplémentaires d’ici à 2050. L’humanité peut aussi se tourner vers l’espace. Saviez-vous que depuis 25 ans, 4 000 exoplanètes ont été découvertes et que certaines disposent d'une atmosphère propice à la vie ?"
30/08/2020 18:32:12,Village des Sciences des Monts du Lyonnais,CréAct'IV Sciences,Rhône,diffusion via Youtube (URL sera mise à jour sur http://www.creactiv-sciences.fr/),"th1,th2,th3,th4,th5","f2,f8,f9",p2,t2,"astronomie, physique, biologie, world space week, maquettes",Curieux,10/10/2020,10:00:00,,"Pourquoi la terre est-elle forcément ronde ? Réponse lors de la visite virtuelle du Village des sciences des Monts du Lyonnais. Astronomie, physique, chimie, robotique, etc., une vingtaine d'ateliers sont à découvrir en live. Posez aussi vos questions pour contribuer à l'édition 2021 !",https://drive.google.com/file/d/1koYW-TcyxFy5C7mnv8pUC02GVmayR2fc/view?usp=sharing,,Quel est le nom du premier satellite français dans l'espace ?,Astérix 1A,Obélix 2C,Satellix 1X,"Asterix 1A, lancé le 26 novembre 1965 par le Centre national d'études spatiales (CNES) au Centre interarmées d'essais d'engins spéciaux d'Hammaguir, en Algérie. La France devient alors la 3e nation à effectuer une mise en orbite de manière autonome."
31/08/2020 10:08:04,Avant-goût d'Explora,La Rotonde-Mines Sanit-Etienne,Loire,https://www.youtube.com/channel/UCEIHDYwGgg-1HqvOQtLxeFQ,"th3,th4,th5",f12,p2,t3,,Amateur,03/10/2020,14:00:00,,"Pour les fans de sciences qui aiment s’amuser, voici un atelier ludique riche en surprises pour lever le voile sur Explora, un centre de culture scientifique nouvelle génération, qui ouvrira ses portes en fin d’année 2020. Découvrez, explorez, innovez par la pratique. C’est la promesse d’Explora !",https://drive.google.com/file/d/1EUZiTZkK2-RtwBK3KB87AWnqHOHRk-S1/view?usp=sharing,,"Le centre de culture scientifique Explora, ce sera quoi ?","Les deux, à la fois parc d'activités ludiques et laboratoire d'innovation et de découverte",Un parc d’activités à vocation scientifique et ludique,Un laboratoire conçu dans un esprit à la fois « Maker » et « Learning Lab »,"Le projet réunit ExploraParc, un parc aménagé avec des installations scientifiques, et ExploraLab, un espace ressources qui fédère les initiatives d'éducation aux sciences et de diffusion de la culture scientifique. L'espace ressources permet d'approfondir les connaissances expérimentées dans l'enceinte du parc ; le parc met en application les sujets abordés dans l'espace ressources."
31/08/2020 10:23:09,Sciences à la maison en musique,La Rotonde-Mines Saint-Etienne,Loire,https://www.youtube.com/channel/UCEIHDYwGgg-1HqvOQtLxeFQ,"th5,th6","f8,f12",p2,t3,,Amateur,07/10/2020,17:30:00,,"La Rotonde Mines de Saint-Etienne vous propose de suivre, en direct sur sa chaîne YouTube, des expériences sur le thème de la musique. Un temps convivial et ludique fondé sur des explications surprenantes, où piocher des idées à refaire chez soi !",https://drive.google.com/file/d/1XLJhiOLj0isuQCFovXvyAA2uAdNbU5E4/view?usp=sharing,,De quand date la notation musicale ?,De l'Antiquité, Du MoyenÂge, Du 18e siècle,"De l'Antiquité. Les premiers systèmes d'écriture musicale ont été retrouvés dès l'antiquité, et notamment l'hymne à la déesse Nikkal, daté de 1400 av. J.-C., qui est à ce jour le plus ancien exemple de notation musicale."
31/08/2020 10:27:13,L'Ecole des Mines ouvre ses laboratoires,La Rotonde-Mines Saint-Etienne,Loire,https://www.youtube.com/channel/UCEIHDYwGgg-1HqvOQtLxeFQ,"th1,th2,th3,th4,th5,th6","f5,f6",p4,t3,,Curieux,,,False,"A l’occasion de la Fête de la Science 2020, l’École des Mines ouvre ses portes. Sur sa chaîne YouTube, participez à une visite virtuelle des laboratoires et rencontrez des scientifiques des cinq centres de Saint-Étienne (42) et Gardanne (13).",https://drive.google.com/file/d/1MwsheUHMrfqKi8lpvmJJbDJYUdYtsGFb/view?usp=sharing,,Connaissez-vous la Rotonde ?,"C’est le centre de culture scientifique, technique et industrielle de l’Ecole des Mines de SaintEtienne",C’est le nom du campus stéphanois de l’Ecole des Mines de SaintEtienne,C’est l’association des anciens élèves ingénieurs de l’Ecole des Mines de SaintEtienne,"La Rotonde est depuis 20 ans le centre de culture scientifique, technique et industrielle intégré à l’Ecole des Mines de Saint-Etienne. Elle implique des centaines d’élèves ingénieurs et doctorants, contribue à la valorisation des travaux de recherche, collabore avec les industriels, favorise le dialogue entre les chercheurs et la société civile, et… participe à la Fête de la Science."
31/08/2020 10:31:27,Recherche on Line ! ,La Rotonde-Mines Saint-Etienne,Loire,https://www.youtube.com/channel/UCEIHDYwGgg-1HqvOQtLxeFQ,"th3,th4,th5","f1,f5",p4,t3,,Curieux,08/10/2020,17:30:00,,"A la frontière entre conférence-débat et reportages, la Rotonde, centre de culture scientifique de l’Ecole des Mines de Saint-Etienne, vous invite pour une soirée spéciale, entre interviews de chercheures stéphanois et ateliers scientifiques. Retrouvez-les sur YouTube pour une émission en direct et posez toutes vos questions.",https://drive.google.com/file/d/1OZcYuezk-F57hc0OIm3PoxLxTIAtkkad/view?usp=sharing,,La chaîne YouTube de la Rotonde Sciences," A créé, durant le confinement, des ateliers ludiques en ligne pour faire le plein d’expériences à reproduire chez soi"," C’est pas sorcier, comme dirait Jamy", Sera lancée à l’occasion de la Fête de la science,"La Rotonde permet de découvrir les sciences via les réseaux sociaux : podcast, story Instagram, compte Twitter, Facebook et… chaîne Youtube. Active depuis 2014, elle vous donne rendez-vous chaque 1er mercredi du mois avec « Les sciences à la maison », créé pendant le confinement, et est évidemment accessible durant la Fête de la Science."
31/08/2020 11:32:33,Géo-archéologie des catastrophes naturelles à Lyon,Service archéologique de la Ville de Lyon,Rhône,www.archeologie.lyon.fr,"th1,th6",f1,p4,t3,,Amateur,,,False,"Glaciation, sécheresses, crues… Comment lire dans le sol les marques du climat ? C'est ce que propose de vous faire découvrir la conférence du géo-archéologue Stéphane Gaillot, consacrée aux traces des événements climatiques à Lyon et sa région. ",https://drive.google.com/file/d/1udhsth4X-pTmTJFKiyxA-ftv8MK7TWmH/view?usp=sharing,,Quand eu lieu la crue la plus importante jamais enregistrée à Lyon ?,1840,1820,1963,"En novembre 1840, la Saône a connu une crue majeure qui est, avec celle de mai 1856, la plus importante de cette rivière dont l'homme ait conservé la mémoire."
31/08/2020 15:25:29,L'hôpital : un concentré de sciences,Centre hospitalier metropole Savoie,Savoie,http://www.ch-metropole-savoie.fr/chc/c_5038/accueil,th4,f2,p4,t1,"laboratoire, neurologie, centre de formation, simulation en santé, chirurgie ambulatoire, dépistage, prise en charge, opérations, analyses, professionnels de santé, vidéos, découvertes des pratiques, parcours patient, hospitalisation, microscope, urgences, hopsim, réanimation, obstétrique",Curieux,,,False,"Plongez dans les coulisses de l’hôpital en visionnant les vidéos virtuelles de 4 services du centre hospitalier de Chambéry. Vous saurez tout sur les explorations fonctionnelles en neurologie, le parcours d'un patient avant une opération ou les nouvelles méthodes de formation des hospitaliers par simulation haute-fidélité.",https://drive.google.com/file/d/1-r2oJBtauZYB389fytrz8TLworcFIfGy/view?usp=sharing,,"Une exploration fonctionnelle est un examen qui consiste à réaliser des mesures de l’activité d’un organe, pendant qu’il fonctionne",Vrai,Faux,,"Vrai. En neurologie, l’exploration fonctionnelle peut être réalisée par électromyographie. Un électromyogramme (EMG) permet d’analyser l’activité électrique des nerfs moteurs, des nerf sensitifs et des muscles, au repos, après stimulation électrique ou lors d’un effort de contraction volontaire du patient. Cet examen aide au diagnostic de différentes pathologies nerveuses et musculaires."
31/08/2020 16:14:15,Jouons connectés à LudoViro,Les p'tits génies IHOPe,Rhône,en cours,th4,f10,p1,t3,"ludoviro , jeu, virus,",Amateur,07/10/2020,15:00:00,,"Ludoviro est un serious game collaboratif qui permet d'explorer l'infectiologie. Avec deux animatrices, les enfants de l'Institut d'Hématologie et Oncologie Pédiatrique joueront une partie, pour découvrir en s'amusant les moyens, dont nous disposons pour combattre ensemble les maladies infectieuses. ",https://drive.google.com/file/d/1Zg1P1vVuB9xwJrwPsbFK3y84uCxovw8c/view?usp=sharing,,Combien y a-t-il de virus sur terre ?, Des milliards, Des millions, Des milliers,"Le nombre total de virus présents sur terre est estimé à 1x1031, soit un 10 suivi de 31 zéros. Mais tous ne sont pas dangereux pour l'homme ! En 1998, la liste des des virus pathogènes comptait 129 familles de virus."
01/09/2020 09:26:21,Les énergies renouvelables pour une mobilité durable électrique et hydrogène,IESF Lyon RA,Rhône,https://www.iesf-lyonra.fr/,th2,f2,p5,t3,"mobilité, durable,hydrogène, énergie",Curieux,,,False,"L'hydrogène vert, est-ce pour demain ? Dans la course à l'énergie propre, cette question se fait de plus en plus pressante sans que l'on parvienne toujours à en comprendre les enjeux scientifiques et industriels. Faites le point avec les universitaires et les industriels de la filière hydrogène !",https://drive.google.com/file/d/1IHlLi5hGorvcRLeFS9VSngBD7kC7rOpP/view?usp=sharing,,Que rejette un moteur à hydrogène ?,De l'eau (H2O),Du méthane (CH4),Du dioxyde de carbone (CO2),Le moteur à hydrogène repose sur la combustion du dihydrogène (H2) et du dioxygène (O2) qui produit de l'énergie et de l'eau (H2O).
01/09/2020 16:08:04,À la rencontre de nos chercheur.e.s,Université Jean Monnet,Loire,univ-st-etienne.fr,"th1,th2,th3,th4,th5,th6,th7","f1,f2,f6",p3,t3,,Amateur,01/10/2020,00:00:00,,"Même à distance, les chercheurs de l’Université Jean Monnet sont à votre écoute ! Depuis leurs laboratoires, ils vous proposent une rencontre en visioconférence durant la semaine de la Fête de la Science pour échanger et poser toutes vos questions. Suivez la programmation, les chercheurs ont prévu plusieurs rendez-vous !",https://drive.google.com/file/d/1ieCb0tFajf5Ew1NJbLnDXUFcWvnvC3YN/view?usp=sharing,,L’Université Jean Monnet à Saint-Etienne, Vient d’avoir 50 ans, Est centenaire, A été créée en 1989,"L’Université Jean Monnet a été créée le 27 mars 1969. Cinq ans plus tard, 5 000 étudiants de Saint-Étienne et des départements limitrophes y étaient déjà accueillis. Elle prend le nom de Jean Monnet en 1989. Depuis 2007, elle est membre de la Communauté d'universités et d'établissements “Université de Lyon”, qui regroupe 20 établissements des universités de Lyon et Saint-Étienne."
01/09/2020 16:32:35,"Table ronde A.R.T.S ""des traces pour réinventer notre rapport au monde""",Université Jean Monnet,Loire,univ-st-etienne.fr,"th1,th4,th6",f1,p5,t3,,Curieux,06/10/2020,14:30:00,,"Partagez les réflexions de chercheurs en design, histoire de l'art, géographie, sciences de l'art et histoire de l'Université Jean Monnet, la Cité du Design et l'Ecole nationale supérieure d'architecture de Saint-Etienne avant de discuter sur d'autres façons de vivre ensemble, sans séparer nature et culture.",https://drive.google.com/file/d/1teOqzBnzhCnAst90yHH6R5f9wnPCnF3G/view?usp=sharing,,Les écoles supérieures de la Loire sont au nombre de,16,25,12,"Avec 16 établissements, la Loire propose une large palette de formations supérieures de haut niveau : l’Université Jean Monnet, l’Institut Régional pour les Métiers d'Art et la Création Contemporaine, l’Ecole Supérieure d'Art et Design de Saint-Étienne, l’Institut Mines-Télécom, l’Ecole d’Architecture de Saint-Étienne, le Conservatoire National des Arts et Métiers, l’Ecole de Management de Lyon…"
02/09/2020 09:58:36,Voyage au pays des microbes,Musée des Confluences,Rhône,https://www.facebook.com/museedesconfluences,"th1,th4,th6",f1,p5,t4,"covid-19, épidémie, santé, virus, microbes",Curieux,01/10/2020,18:00:00,,"Les microbes sont partout ! Parfois bénéfiques, quelquefois pathogènes, ils ont investi le corps humain. Au-delà des maladies ou de la décomposition qu'ils provoquent, découvrez les liens favorables qu'ils tissent avec nous !",https://drive.google.com/file/d/13qEezqBx1WtIy8iakazXlhola3cJusDn/view?usp=sharing,,Qu'est-ce que le microbiote ?, un ensemble de microorganismes vivant sur l'homme, un super héros, un minirobot d'exploration du corps humain,"Principalement composé de bactéries et de microchampignons, le microbiote est le nom donné à l'ensemble des micro-organismes qui vivent sur et à l'intérieur de notre organisme, dont l'un des plus connus est le microbiote intestinal ou flore intestinale. On estime qu'entre 15 000 et 30 000 bactéries différentes vivent dans le corps humain !"
02/09/2020 10:00:42,Les origines environnementales des épidémies,Musée des Confluences,Rhône,https://www.facebook.com/museedesconfluences,"th1,th4,th6",f1,p5,t4,"covid-19, épidémie, santé, virus, microbes ",Curieux,02/10/2020,18:00:00,,"Santé humaine et animale sont interdépendantes et liées à celle des écosystèmes. Prenez de la hauteur sur la crise de la Covid-19, en suivant les interventions de scientifiques de toutes disciplines sur les causes environnementales de l’apparition des virus et sur leurs conséquences sur les sociétés.",https://drive.google.com/file/d/1fvAZkbfSi1TBWEXnnH6cwkXZy_wm971Y/view?usp=sharing,,Qu'est-ce qu'une zoonose ?,une maladie franchissant la barrière animal  homme,le bruit de fond d'un zoo,une épidémie animale,"Du grec zôon, « animal » et nósos, « maladie », une zoonose est une maladie infectieuse qui se transmet des animaux aux hommes et inversement. La part croissante des zoonoses dans les maladies humaines émergentes, aujourd'hui établie à 75 %, en fait un enjeu de recherche particulièrement crucial."
02/09/2020 10:02:59,"Lyon, épicentre de la recherche en infectiologie",Musée des Confluences,Rhône,https://www.facebook.com/museedesconfluences,"th1,th4,th6",f1,p5,t4,"covid-19, épidémie, santé, virus, microbes",Curieux,03/10/2020,15:00:00,,"Au programme de la conférence live du Musée des Confluences,  l’épidémie de Covid-19 et les points forts de la recherche lyonnaise en infectiologie. Les intervenants évoqueront aussi les acteurs-clé du secteur et, surtout, tenteront de répondre à une question : quel est le diagnostic actuel sur les maladies infectieuses ? Rendez-vous le 1er octobre à 15h00 !",https://drive.google.com/file/d/1Amd2E9L1i7JXFHLrrvCoYOybsVB0pE2j/view?usp=sharing,,"Le concept « One Health », késaco ?","Une approche des politiques de santé (OMS, OIE, FAO) pour mieux tenir compte des liens et interdépendances entre santé humaine, santé animale et santé des écosystèmes","Une nouvelle démarche de l’OMS pour développer les mêmes médicaments, les mêmes vaccins et les mêmes traitements pour toutes les régions du globe","Le concept selon lequel les traitements doivent être déployés également à tous les âges de la vie, du nourrisson au 4e âge. Seules les doses varient.","Covid-19, Ebola, H5N1, SRAS, VIH, ou Zika sont entrés en contact avec l’humain du fait d’atteintes à l’environnement. Les santés humaine et animale sont interdépendantes et liées à la santé des écosystèmes dans lesquels elles coexistent."
02/09/2020 10:05:18,Une histoire globale des épidémies,Musée des Confluences,Rhône,https://www.facebook.com/museedesconfluences,"th1,th4,th6",f1,p5,t4,"covid-19, épidémie, santé, virus, microbes ",Curieux,03/10/2020,18:00:00,,"Toujours craintes, parfois diabolisées, les maladies infectieuses font partie intégrante de l’histoire de l’humanité. Mais comment se propagent-elles ? A quelles fréquences se déclenchent-elles ? Quels dégâts occasionnent-elles ? Pour tout savoir, suivez le live du Musée des Confluences !",https://drive.google.com/file/d/1qeKbaL3sm4lqtgcRrgIPG_RV-12pTocM/view?usp=sharing,,Quelle est l'épidémie la plus meurtrière à ce jour ?,L'épidémie de grippe espagnole (1918-1919),L'épidémie de peste noire (1347-1352),L'épidémie de grippe asiatique (1956-1957),"Particulièrement virulent, le virus de la grippe de 1918, dite grippe espagnole, a tué entre 20 et 50 millions de personnes dans le monde. Toutefois, en valeur relative, c'est l'épidémie de grande peste qui fut la plus meurtrière, puisqu'en 5 ans, elle aurait tué 30 à 50 % des Européens soit près de 25 millions de personnes."
02/09/2020 10:07:48,Construire le «monde d’après» ?,Musée des Confluences,Rhône,https://www.facebook.com/museedesconfluences,"th1,th4,th6",f1,p5,t4,"covid-19, épidémie, santé, virus, microbes ",Amateur,04/10/2020,16:00:00,,"Le Monde d’Après ? Au-delà du nouveau souffle apporté aux structures de santé à bout de force, le confinement lié à la Covid-19 a le mérite de nous ouvrir les yeux sur une société en crise. Mais faut-il s’attendre à des changements sociaux et économiques majeurs dans l’avenir ? Le musée des Confluences vous invite à débattre sur le sujet. Connectez-vous !",https://drive.google.com/file/d/1PQ3P3SqJGXLB2q6-32R4JFDZEANJMNpG/view?usp=sharing,,Savez-vous combien d’articles ont été publiés sur le Monde d’Après ?,Aucune idée ! ,1000,5000,On ne sait pas combien de publications ont abordé le “Monde d'Après” mais elles sont nombreuses ! Cette profusion de points de vue témoigne du fait que les crises sont aussi des occasions de se remettre en cause et de réfléchir à la façon de transformer notre société.
02/09/2020 10:44:27,Espèces de climats !,BIbliothèque universitaire Lyon 1,Rhône,https://especedeclimat.univ-lyon1.fr ,th1,f9,p2,t3,"changement climatique, faune, biodiversité",Curieux,,,False,"Les espèces animales et végétales dépendent du climat. Mais que se passe-t-il lorsqu'il change ? A suivre sur Internet, l'exposition vous fait découvrir les conséquences des modifications climatiques sur les écosystèmes depuis les temps préhistoriques jusqu'à aujourd'hui. Et demain, qu'attendre ?",https://drive.google.com/file/d/10urxUFD5SyEK1D57zIlQCIvObSRcKXfD/view?usp=sharing,,"Près de Lyon, il y a 150 millions d'années, on pouvait trouver :",Des étoiles de mer,Des hommes ,Des cheveaux,"Des étoiles de mer ! Il y a 150 millions d'années, la mer recouvrait une bonne partie de la France, dont Lyon. Aujourd'hui encore, on en trouve les traces fossilisées. Hommes et chevaux sont apparus beaucoup plus tard !"
02/09/2020 14:10:50,Comprendre le Vivant pour soigner l’Homme,Institut de Biologie et Chimie des Protéines (IBCP),Rhône,https://www.ibcp.fr/fr/landing-page-fr/ (lieu de RDV virtuel sur inscription),th4,f12,p4,t4,"bioinformatique, biologie cellulaire, cristallographie, thérapeutique",Curieux,09/10/2020,09:00:00,,"De l’échelle atomique à celle de la cellule, partez pour un voyage inédit au coeur du vivant. Trois ateliers animés par des chercheurs vous présenteront des approches de recherche complémentaires : la bioinformatique, la biologie structurale et la biologie cellulaire. Embarquement immédiat à l’IBCP !",https://drive.google.com/file/d/1i1H5zXPKboDbeUsZFPWmfUPfUZyqoHwp/view?usp=sharing,,Qu’est-ce que la bioinformatique ?,"Une discipline à l’interface entre biologie, informatique, mathématiques et physique.",La technologie qui vise à donner vie aux ordinateurs,L’ensemble des composants des outils informatiques issus de l’agriculture biologique,"La bioinformatique est un domaine de recherche qui analyse et interprète des données biologiques au moyen de technologies informatiques. Appelée aussi biologie in-silico, elle permet aussi de développer des modèles mathématiques et outils associés pour résoudre des problématiques biologiques."
02/09/2020 16:53:59,Géologie et utilisation des ressources naturelles : des cailloux tous les jours !,PNR Géoparc mondial UNESCO du Massif des Bauges,Savoie,www.evenements-parcdesbauges.com,th3,f1,p4,t4,"ressources, énergie, transition, écologie",Amateur,02/10/2020,20:00:00,,"Nos objets du quotidien sont composés de ressources provenant de notre planète. Dans un contexte où nos consommations peuvent mettre en péril des écosystèmes, le parc naturel du Massif des Bauges nous invite à mieux comprendre le cycle de vie de ces objets pour faire évoluer nos comportements. ",https://drive.google.com/file/d/1nTn1Or7Qgxowc7vG1iNkbZKpHjuBD9HC/view?usp=sharing,,"Qu'est-ce que le ""jour du dépassement"" ?",Le jour de l'année où les ressources consommées depuis le 1er janvier sont supérieures à celles produites par la Terre,Un film catastrophe de Steven Spielberg,"La journée mondiale qui, depuis 1993, célèbre l'effort personnel et le dépassement de soi","Chaque année, l’ONG Global Footprint Network calcule “le Jour du dépassement” ou Overshoot. En 2020, ce jour a été évalué au 22 août, date à partir de laquelle l'humanité a consommé plus que ce que la Terre peut produire en 1 an. Ainsi, pour subvenir à nos besoins, il faudrait 1,6 Terre ou consommer moins…"
03/09/2020 08:53:02,Derrière la porte du Muséum,Société d'Histoire Naturelle de Savoie,Savoie,https://www.facebook.com/search/top?q=soci%C3%A9t%C3%A9%20d%27histoire%20naturelle%20de%20savoie ,"th1,th3,th6",f2,p2,t2,"savoie, chambéry, muséum, sciences naturelles, botanique, protection de la nature, zoologie, géologie, histoire",Curieux,,,False,Connaissez-vous l’histoire du Muséum d’histoire naturelle de Chambéry et de la bâtisse qui l’abrite depuis 175 ans près du château des Ducs de Savoie ? Ce court-métrage vous convie à découvrir sa riche collection et sa contribution à la protection de l’environnement. Bienvenue dans une visite guidée pleine de surprises !,https://drive.google.com/file/d/1zTf3T5OpdORMKhXnUOYhGOYa06XVrFOC/view?usp=sharing,,Combien de spécimens compte la collection du Muséum de Chambéry ?,120 000,12 000,1 200 000,"Le muséum de Chambéry abrite quelque 120 000 spécimens d'animaux, mammifères, oiseaux, mollusques ou encore insectes, comme les lépidoptères, le département de la Savoie en comptant 75 % des espèces. Des minéraux et des fossiles complètent la collection."
03/09/2020 13:54:18,"Pacte spécial ""Fête de la Science""",Laboratoire Pacte,Isère,Youtube,th6,f14,p4,t2,"podcast, laboratoire, pacte",Amateur,,,False,"Comment les sciences sociales traitent-elles des enjeux environnementaux ? Pour le savoir, rendez-vous avec les chercheurs du laboratoire PACTE (CNRS, Université Grenoble Alpes et Sciences Po Grenoble). Suivez chaque jour, en live ou en podcast, la mini série de cinq interviews diffusées sur YouTube.  ",https://drive.google.com/file/d/1WULCUQ3V1cajVraoRWVtYwWYFAVKm1_S/view?usp=sharing,,Quelles disciplines font parties des sciences sociales ?,L’histoire,Les lettres,La philosophie,"La classification des disciplines évolue et il est difficile de donner le contour exact des sciences sociales. Généralement, elles regroupent les sciences qui s’intéressent à l'organisation des sociétés humaines et à leurs évolutions, comme la sociologie, l’histoire, les sciences politiques… Traditionnellement, les lettres et la philosophie ne sont pas considérées comme des sciences sociales."
03/09/2020 15:47:06,Paleopolis fête la science,Parc Paloepolis,Auvergne,https://www.youtube.com/user/Paleopolis03,"th3,th4","f2,f6,f9",p3,t4,"paléontologie, naturalistes, histoire des sciences",Curieux,10/10/2020,20:00:00,,"Pas la peine d’aller très loin pour découvrir des fossiles. Ils sont à portée de clic depuis Paléopolis. Participez à la visite guidée virtuelle et échangez en ligne avec les médiateurs scientifiques, qui vous confieront quelques anecdotes sur des grands noms de la paléontologie. ",https://drive.google.com/file/d/1Fs7JUDpB084DPC8JtJV8kXRIsFYGhiaD/view?usp=sharing,,"Quel était le climat du bassin de la Limagne (en Auvergne), il y a 23 millions d’années ?",Tropical,Désertique,Glaciaire,"Il y a 23 millions d’années, le bassin de la Limagne, où est situé le parc Paléopolis, était sous un climat tropical. Ses terres étaient occupées par une vaste étendue d’eaux saumâtres. C’est là que vivait un rhinocéros Diaceratherium lemanense, dont le squelette a été découvert en 1993 dans une carrière de Ganna"
03/09/2020 16:44:31,"A la découverte de l'Univers, des particules au cosmos",LAPP/LAPTh,Haute-Savoie,https://lapp.in2p3.fr/,th3,"f1,f2",p3,t4,"physique, particules, cosmos, infiniment grand, infiniment petit",Curieux,05/10/2020,10:00:00,,"Qu'est-ce que le métier de chercheur en physique des particules et astroparticules ? Pour stimuler les vocations, le laboratoire d'Annecy de physique des particules invite les scolaires à une conférence interactive. Posez vos questions à des chercheurs qui ont la tête dans les étoiles ! ",https://drive.google.com/file/d/1fgXX5XUycB9lz6AHHksS_CqXxxR-Xr90/view?usp=sharing,,Laquelle de ces particules est une particule élémentaire ?,Le quark,Le baryton,L'atome,"Le quark est une des trois particules élémentaires avec le lepton et le boson, ce qui signifie qu'il ne comporte pas d'éléments plus petits le composant. L'atome n'est pas une particule élémentaire car il est fait de protons, de neutrons et d'électrons. Quant au baryton, c'est un chanteur à ne pas confondre avec le baryon !"
03/09/2020 16:48:22,"A la découverte de l'Univers, des particules au cosmos",LAPP/LAPTh,Haute-Savoie,https://lapp.in2p3.fr/,th3,"f1,f2",p3,t4,"particule, cosmos, univers",Curieux,06/10/2020,10:00:00,,"Pour vous qui voulez en savoir plus sur le Boson de Higgs, l’énergie noire et l’univers violent, un physicien se tient à votre disposition pour répondre en live à vos questions. Mais avant cela, écoutez-le éclairer quelques notions sur le cosmos et l’univers.",https://drive.google.com/file/d/1fgXX5XUycB9lz6AHHksS_CqXxxR-Xr90/view?usp=sharing,,"Un “tétraquark à charme apparent”, quésaco ?",Une particule formée de 4 quarks liés dont un seul quark c,Une étrange et hypothétique particule élémentaire en forme de tétraèdre,Un tête-à-claque plutôt beau gosse,"Un quark est une particule élémentaire de la matière observable. Les scientifiques ont identifié six catégories de quarks, dont le quark c (pour “charm”). En septembre 2020, le LAPP a décrit pour la première fois un tétraquark contenant un seul quark c, qu’on appelle un “tétraquark à charme apparent”."
03/09/2020 16:51:31,"A la découverte de l'Univers, des particules au cosmos",LAPP/LAPTh,Haute-Savoie,https://lapp.in2p3.fr/,th3,"f1,f2",p3,t4,"particules, cosmos, univers",Curieux,07/10/2020,10:00:00,,"Pour vous qui voulez en savoir plus sur le Boson de Higgs, l’énergie noire et l’univers violent, un physicien se tient à votre disposition pour répondre en live à vos questions. Mais avant cela, écoutez-le éclairer quelques notions sur le cosmos et l’univers.",https://drive.google.com/file/d/1fgXX5XUycB9lz6AHHksS_CqXxxR-Xr90/view?usp=sharing,,"Un “tétraquark à charme apparent”, quésaco ?",Une particule formée de 4 quarks liés dont un seul quark c,Une étrange et hypothétique particule élémentaire en forme de tétraèdre,Un tête-à-claque plutôt beau gosse,"Un quark est une particule élémentaire de la matière observable. Les scientifiques ont identifié six catégories de quarks, dont le quark c (pour “charm”). En septembre 2020, le LAPP a décrit pour la première fois un tétraquark contenant un seul quark c, qu’on appelle un “tétraquark à charme apparent”."
03/09/2020 16:54:03,"A la découverte de l'Univers, des particules au cosmos",LAPP/LAPTh,Haute-Savoie,https://lapp.in2p3.fr/,th3,"f1,f2",p3,t4,"particules, cosmos, univers",Curieux,08/10/2020,10:00:00,,"Pour vous qui voulez en savoir plus sur le Boson de Higgs, l’énergie noire et l’univers violent, un physicien se tient à votre disposition pour répondre en live à vos questions. Mais avant cela, écoutez-le éclairer quelques notions sur le cosmos et l’univers.",https://drive.google.com/file/d/1fgXX5XUycB9lz6AHHksS_CqXxxR-Xr90/view?usp=sharing,,"Un “tétraquark à charme apparent”, quésaco ?",Une particule formée de 4 quarks liés dont un seul quark c,Une étrange et hypothétique particule élémentaire en forme de tétraèdre,Un tête-à-claque plutôt beau gosse,"Un quark est une particule élémentaire de la matière observable. Les scientifiques ont identifié six catégories de quarks, dont le quark c (pour “charm”). En septembre 2020, le LAPP a décrit pour la première fois un tétraquark contenant un seul quark c, qu’on appelle un “tétraquark à charme apparent”."
03/09/2020 16:57:22,"A la découverte de l'Univers, des particules au cosmos",LAPP/LAPTh,Haute-Savoie,https://lapp.in2p3.fr/,th3,"f1,f2",p3,t4,"particules, cosmos, univers",Curieux,,,False,"De l’infiniment petit à l’infiniment grand, un physicien vous invite à un envol dans le cosmos et l’univers. Une vidéo qui vous emmènera voyager au cœur des particules élémentaires ou de l’antimatière. ",https://drive.google.com/file/d/1fgXX5XUycB9lz6AHHksS_CqXxxR-Xr90/view?usp=sharing,,"Qu'appelle-t-on ""l'univers violent"" ?","C’est là où des phénomènes violents ont lieu dans le cosmos, responsables d’ondes de chocs extrêmes",C’est aussi ce qu’on appelle le Big Bang,C’est le théâtre des batailles les plus violentes de la Guerre des Etoiles,"""L’univers violent"" est un endroit du cosmos où les phénomènes les plus violents ont lieu, comme la collision d’étoiles à neutron. Ce type d’événement engendre une déformation de l’espace-temps sous forme d’ondes gravitationnelles, qui ont été observées pour la première fois par le dispositif Virgo en 2017."
03/09/2020 16:59:30,Forum Mycélium,Mycorium Sauvage,Ardèche,https://www.mycoriumsauvage.com,"th1,th3","f1,f2,f8",p3,t3,"mycologie, agroécologie, champignons, exposition, vidéos, conférences, environnement, agriculture, techniques de culture ",Amateur,10/09/2020,14:00:00,,"Explorez l’univers des champignons, à travers recettes de cuisine, réhabilitation des sols pollués et production agricole, et participez aux conférences numériques, qui réuniront des spécialistes de la mycologie internationaux. Les champignons n’auront plus de secret !",https://drive.google.com/file/d/1BiqpSo2jxrBEwsNdxQ43_CQ06haToWJE/view?usp=sharing,,Mangeriez une omelette de... ?, Hydne sinué, Tricholoma magnivelare, Amanita muscaria,"Le Pied de Mouton (Hydne sinué) est comestible. Il appartient à une famille de champignons qui possèdent des aiguillons sous le chapeau, ce qui limite les risques de confusions malheureuses. L’Amanita muscaria est aussi appelée amanite tue-mouche et est toxique. Quant au Tricholoma magnivelare, il a une odeur de vieille chaussette !"
03/09/2020 16:59:41,Des particules au cosmos,LAPP/LAPTh,Haute-Savoie,,th3,"f1,f2",p3,t4,"particules, cosmos, univers",Curieux,,,False,"De l’infiniment petit à l’infiniment grand, un physicien vous invite à un envol dans le cosmos et l’univers. Une vidéo qui vous emmènera voyager au cœur des particules élémentaires ou de l’antimatière. ",https://drive.google.com/file/d/1fgXX5XUycB9lz6AHHksS_CqXxxR-Xr90/view?usp=sharing,,"Qu'appelle-t-on ""l'univers violent"" ?","C’est là où des phénomènes violents ont lieu dans le cosmos, responsables d’ondes de chocs extrêmes",C’est aussi ce qu’on appelle le Big Bang,C’est le théâtre des batailles les plus violentes de la Guerre des Etoiles,"""L’univers violent"" est un endroit du cosmos où les phénomènes les plus violents ont lieu, comme la collision d’étoiles à neutron. Ce type d’événement engendre une déformation de l’espace-temps sous forme d’ondes gravitationnelles, qui ont été observées pour la première fois par le dispositif Virgo en 2017."
03/09/2020 22:56:46,Les nuits de la science : Fin du monde et jeux-vidéo,Doct'Auvergne,Auvergne,https://www.youtube.com/channel/UCU9JjbsCf5V2b7i4-w9wT4A,"th4,th6",f1,p3,t3,"conférence, question réponse,  jeunes chercheurs, jeux-vidéos, collapsologie ",Curieux,06/10/2020,20:00:00,,"Entre dérèglement climatique et crise sanitaire, on pourrait craindre que le monde s'écroule. Les jeux vidéo, comme The Walking Dead, Metro 2033 ou Fallout, l’ont déjà imaginé. Pour savoir comment la fin du monde est représentée dans les jeux, passez aux Nuits de la science le 6 octobre. ",https://drive.google.com/file/d/10edg_cDCamGxuRdo5IMnd_CNE6PHh11R/view?usp=sharing,,Qu’est-ce que la collapsologie ?,Un courant de pensée qui prévoit l'effondrement du monde tel qu'on le connaît aujourd’hui,La science pour créer des emplâtres à base de plantes médicinales,Une plateforme de visiophonie pour que des internautes dialoguent de manière aléatoire,"Popularisée en 2015 par l’ouvrage « Comment tout peut s’effondrer », de Pablo Servigne et Raphaël Stevens, la collapsologie est un nouveau mouvement de pensée, qui tire la sonnette d’alarme sur le possible effondrement de notre société… pour renaître meilleure ?"
03/09/2020 23:11:59,Les nuits de la science : phénomène de peur en neuroscience ,Doct'Auvergne,Auvergne,"conférence, rencontre jeune chercheur, neuroscience, peur",th4,f1,p3,t3,,Curieux,08/10/2020,20:00:00,,"Innée, acquise, salvatrice, paralysante… Qu'est-ce que la peur et comment les neurosciences l'expliquent-elles ? Pour le savoir, écoutez Noémie Mermet, jeune docteure en neurosciences, qui présentera ses recherches dans l’épisode 7 de la websérie ""les chercheurs se mettent à nu"".",https://drive.google.com/file/d/1W-kMNwMCUwGj9p6fjwGfvJ7dlH26_-EZ/view?usp=sharing,,Comment appelle-t-on la peur du noir ?,L'achluophobie, L’atélophobie, La chrométophobie,"Très courante chez les enfants, l'achulophobie est la peur du noir. L’atélophobie est la peur d'être imparfait. Quant à la chrométophobie, elle désigne la peur de rougir en public."
04/09/2020 09:45:44,Puy de Sciences,Université Clermont Auvergne et Associés,Auvergne,https://drv.uca.fr/mediation-br-des-sciences/sciences-a-l-ecole/fete-de-la-science,"th1,th2,th3,th4,th5,th6,th7","f2,f13",p3,t2,"collège, lycée, neurosciences, électricité, nutrition ",Amateur,,,False,"Plongez au cœur des laboratoires de l’Université Clermont Auvergne et Associés et devenez des “Puy de Sciences”. Neurosciences, électricité, nutrition… sont des sujets abordés par les enseignants-chercheurs dans les vidéos en accès libre dès le 2 octobre. Collégiens, lycéens, regardez : la science est partout ! ",https://drive.google.com/file/d/1y9_GJ5rzH6xpP4tvqzZIZljKnG6MJn3g/view?usp=sharing,,Connaissez-vous Ampère ?,C’est l’inventeur de l’électro-aimant,C'est le compère de Thomas Edison et d’Alessandro Volta,C’est celui qui a donné son nom à un breuvage âpre et désagréable,"André-Marie Ampère, né à Lyon le 20 janvier 1775, est un mathématicien, physicien, chimiste et philosophe français. Il a été membre de l'Académie des sciences, professeur à l'École polytechnique et au Collège de France, et fondateur de l’électromagnétisme."
04/09/2020 10:31:40,"A la découverte de l'Univers, des particules au cosmos",LAPP/LAPTh,Haute-Savoie,https://lapp.in2p3.fr/,th3,"f1,f2",p3,t4,"particules, cosmos, univers",Curieux,10/11/2020,17:00:00,,"Pour vous qui voulez en savoir plus sur le Boson de Higgs, l’énergie noire et l’univers violent, un physicien se tient à votre disposition pour répondre en live à vos questions. Mais avant cela, écoutez-le éclairer quelques notions sur le cosmos et l’univers.",https://drive.google.com/file/d/1fgXX5XUycB9lz6AHHksS_CqXxxR-Xr90/view?usp=sharing,,"Un “tétraquark à charme apparent”, quésaco ?",Une particule formée de 4 quarks liés dont un seul quark c,Une étrange et hypothétique particule élémentaire en forme de tétraèdre,Un tête-à-claque plutôt beau gosse,"Un quark est une particule élémentaire de la matière observable. Les scientifiques ont identifié six catégories de quarks, dont le quark c (pour “charm”). En septembre 2020, le LAPP a décrit pour la première fois un tétraquark contenant un seul quark c, qu’on appelle un “tétraquark à charme apparent”."
04/09/2020 10:36:19,Des particules au cosmos,LAPP/LAPTh,Haute-Savoie,https://lapp.in2p3.fr/,th3,"f1,f2",p3,t4,,Curieux,11/10/2020,17:00:00,,"Pour vous qui voulez en savoir plus sur le Boson de Higgs, l’énergie noire et l’univers violent, un physicien se tient à votre disposition pour répondre en live à vos questions. Mais avant cela, écoutez-le éclairer quelques notions sur le cosmos et l’univers.",https://drive.google.com/file/d/1fgXX5XUycB9lz6AHHksS_CqXxxR-Xr90/view?usp=sharing,,"Un “tétraquark à charme apparent”, quésaco ?",Une particule formée de 4 quarks liés dont un seul quark c,Une étrange et hypothétique particule élémentaire en forme de tétraèdre,Un tête-à-claque plutôt beau gosse,"Un quark est une particule élémentaire de la matière observable. Les scientifiques ont identifié six catégories de quarks, dont le quark c (pour “charm”). En septembre 2020, le LAPP a décrit pour la première fois un tétraquark contenant un seul quark c, qu’on appelle un “tétraquark à charme apparent”."
04/09/2020 12:35:26,"Imaginascience, la battle",La Turbine sciences,Haute-Savoie,www.imaginascience.fr (en cours),"th6,th7",f1,p3,t3,"battle, bédéiste, bd, ",Curieux,07/10/2020,19:00:00,,"Pour découvrir cette édition des rencontres de l'image scientifique pour la jeunesse, suivez la battle opposant deux dessinateurs de BD. Un live total emporté par la créativité des artistes, coachés par un médiateur sur fond de musique pulsée par un DJ. Surprises et ambiance garantie !",https://drive.google.com/file/d/1VBXxR_jK_2BvuACtomzqL5Vqd0OkGbdJ/view?usp=sharing,,"Les albums de Tintin Objectif lune et On a marché sur la lune, ont été publiés avant l'alunissage de la fusée Apollo en 1969.",Vrai,Faux,,"Objectif Lune et On a marché sur la lune ont été prépubliés dans le journal Tintin sous la forme d’une seule et même histoire entre 1950 et 1953. Les parutions des albums Objectif Lune et On a marché sur la lune datent respectivement en 1953 et 1954, soit plus de 15 ans avant que Neil Armstrong ne pose, pour la première fois dans l’histoire de l’humanité, un pied sur la lune !"
04/09/2020 13:31:43,"Imaginascience, ressources",La Turbine sciences,Haute-Savoie,www/imaginascience.fr,"th6,th7","f2,f5,f9",p3,t2,"ressources, imaginascience, bd",Curieux,,,False,"Soyez les témoins privilégiés de rencontres rares entre scientifiques et… dessinateurs de BD ! Parcourez les interviews de chercheurs annéciens, croquées par le coup de crayon d’une bédéiste parisienne ! Apprenez les sciences, vulgarisées en bande dessinées ! Entre recherche et BD, l’alchimie opère.",https://drive.google.com/file/d/18iZzMQOqgzNNjoCO0edV7DB-zd7DXHc9/view?usp=sharing,,Quelle a été l’occupation de l’illustrateur Jim Jourdane durant tout le confinement ?, Il a dessiné des BD sur des chercheurs, Il a tricoté des masques antiCovid19, Il a fabriqué des visières en impression 3D,"“Scientifiques en confinement” est une série de planches de BD, spécialement conçue par Jim Jourdane pendant le confinement. Trente-et-un portraits de chercheurs ont ainsi été croqués : archéologue, biologiste marine, physicienne quantique,… jusqu’au climatologue."
04/09/2020 15:06:43,Sur les traces des animaux sauvages de Haute-Savoie,OSCAR,Haute-Savoie,www.oscar-rumilly.fr,th1,f1,p2,t3,"animaux, nature, sauvage, haute-savoie, fne, environnement",Amateur,07/10/2020,14:00:00,,"Nous sommes tous tombés, un jour de promenade, sur un terrier, une empreinte, une plume... Mais quelle déception de ne pas savoir interpréter ces traces de vie sauvage ! L'OSACR vous propose de découvrir en live les méthodes des naturalistes pour les mettre en pratique lors de vos prochaines balades.",https://drive.google.com/file/d/1v-ruilRNox-nwhSfGx0gM0Xsyp20DgKs/view?usp=sharing,,Quel animal sauvage peut voir en Haute-Savoie ?, Le gypaète barbu,L'ours,Le dahu,"Le gypaète barbu est un grand vautour nichant dans les falaises. On peut aussi admirer bouquetins, chamois, marmottes ou cerfs et, plus difficilement, loups et lynx, et bien d'autres encore. L'ours a disparu des Alpes en 1937. Quant au dahu, c'est bien un animal de légende !"
04/09/2020 15:13:46,On est pas bien là ?,OSCAR,Haute-Savoie,www.oscar-rumilly.fr,th1,f7,p2,t3,"conférence théâtralisée, improvisation, expériences",Amateur,07/10/2020,17:00:00,,"Oyez Oyez jeune public ! Les Zimprobables expériences du docteur Bob et Fred vous convient à échanger en “direct et sans trucage” autour d’une question : « Quelle est la place de l’homme dans la nature ? ». Du live, de l'humour et les science abordées dans les fous rires et la bonne humeur ! ",https://drive.google.com/file/d/1usASZQ_cDj821ZieNUwlJEV5kuibj8bU/view?usp=sharing,,Qui est Fred ?, L’assistant de Bob,L'acolyte de Jamy,Le voisin d’à côté,"Tout le monde connaît Fred, le complice de Jamy de “C’est pas Sorcier” mais il ne sera pas à la Fête de la science AuRA 2020 100 % numérique. Là, on parle de l’assistant du docteur Bob, un grand scientifique. Ensemble, ils ont créé le premier “Live Science Show !”, un spectacle d’improvisation pour enfants. Quant à Fred le voisin, vous le connaissez ?"
04/09/2020 17:07:00,Plongée dans le réseau électrique du futur,SuperGrid Institute,Rhône,popsciences.universite-lyon.fr ,"th1,th2,th5","f2,f6",p3,t2,"enfant, public, adolescent, famille, énergie renouvelable, électricité, écologie, réseau électrique, recherche, changement climatique, nouvelles technologies, vert, éolienne, hydraulique, métiers scientifiques, hvdc, haut tension, transition énergétique, inventions, supergrid, énergie renouvelable, ingénieur, scientifique, visite",Amateur,,,False,"À quoi ressemblera le réseau électrique de demain ? La question est cruciale et complexe tant les sources d’énergies sont amenées à se diversifier, impactant leur stockage, leur économie, leur distribution… Pour des réponses, visitez le centre de recherche et d’innovation du SuperGrid Institute !",https://drive.google.com/file/d/1BAlVDN_82Czu9qHtgWZpcq2iCOheNjOG/view?usp=sharing,,"En France, 99 % du stockage de l’électricité se fait :",Avec de l’eau,Avec des batteries,Par volant d’inertie,"99 % du stockage de l’électricité se fait en utilisant le surplus d’électricité pour remonter de l’eau dans les barrages, eau qui est turbinée en cas de besoin. On transforme ainsi le surplus d’électricité en ""énergie potentielle de gravitation"". Moins utilisé, le volant d’inertie est aussi une technique pour stocker l’électricité sous forme d’énergie cinétique."
04/09/2020 17:14:45,Plongée dans les réseaux électriques du futur,SuperGrid Institute,Rhône,« Connexion via le dispositif « Ma Classe à la Maison » du CNED,"th1,th2,th5","f2,f6,f15",p4,t3,"enfant, scolaire, énergie renouvelable, électricité, écologie, réseau électrique, recherche, changement climatique, nouvelles technologies, vert, éolienne, hydraulique, métiers scientifiques, hvdc, haut tension, transition énergétique, inventions, supergrid, énergie renouvelable, métiers, scientifique, ingénieur, technicien",Amateur,,,False,Savez-vous que l’on peut recréer des chocs de foudre en laboratoire ? C’est une des expériences incroyables réalisées sur les grands équipements du SuperGrid Institute. L’objectif ? Développer le réseau électrique futur. Comment ? Regardez le webinaire interactif et questionnez les experts ! ,https://drive.google.com/file/d/1BAlVDN_82Czu9qHtgWZpcq2iCOheNjOG/view?usp=sharing,,Quelle est la puissance d’un choc de foudre ?,Plusieurs millions de volts,Plusieurs centaines de milliers de volts,Plusieurs milliers de volts,"Un choc de foudre provoque une surtension de plusieurs millions de volts ! Par comparaison, les prises de courant domestiques ont une tension de 230 volts et un chargeur de téléphone dispose d'une tension de 5 volts. Le SuperGrid Institute est capable de recréer la puissance de la foudre pour tester des équipements à destination des réseaux électriques."
05/09/2020 08:50:44,Partez à la découverte de la spiruline !,Spiruline des Monts d'Ardèche,Ardèche,https://ardeche-spiruline.com/2020/05/09/conferences/,"th1,th4",f1,p3,t4,"spiruline, algue bleue, cyanobactérie, micro-algue, super-aliment",Curieux,21/09/2020,18:00:00,,"Présente sur Terre depuis des milliards d’années, la spiruline est une bactérie photosynthétique microscopique bleu-vert qui, séchée et broyée, est utilisée comme complément alimentaire. Mais comment est-elle produite, transformée et consommée ? Des producteurs ardéchois vous expliquent tout !",https://drive.google.com/file/d/10fXxUn02whb_cHo9MFRZ1WRTDhkri6a7/view?usp=sharing,,"La spiruline, bactérie utilisée comme complément alimentaire, était déjà consommée par :",Les Aztèques,Les Égyptiens,Les Grecs,"Les Aztèques consommaient de la spiruline, probablement dès le 14e siècle. Elle était récoltée à la surface du lac Texcoco, puis séchée pour confectionner une sorte galette au goût de fromage."
06/09/2020 21:32:34,Soirée pyjama avec Einstein dans un espace-temps tout relatif,VirtuAlp,Isère,https://www.facebook.com/VirtuAlpReality,"th3,th5","f1,f8,f11",p3,t3,"physique, einstein, relativité, espace, temps",Amateur,06/10/2020,21:00:00,,"C’est soirée pyjama ce soir. L’occasion de s’instruire en s’amusant ! Pour vous faire comprendre la théorie de la relativité d’Einstein, l’association VirtuAlp réunit l’espace et le temps en un coup de crayon et vous invite à une partie de billard très spéciale. Détendez-vous et participez en live.",https://drive.google.com/file/d/1QSQrXcQ3afMK23uakfM1iVTR4Uwv_X3n/view?usp=sharing,,Quelles sont les grandes découvertes d’Albert Einstein ?,La théorie de la relativité et la mécanique quantique,La théorie du complot et la modélisation mystique,La Big Bang Theory et E = M6,"Connu pour l’équation E=mc², Albert Einstein publie la théorie de la relativité restreinte en 1905 et la théorie de la gravitation, dite “relativité générale”, en 1915. Il contribue au développement de la mécanique quantique et de la cosmologie. Il reçoit le prix Nobel de physique de 1921 pour son explication de l’effet photoélectrique."
07/09/2020 10:54:35,Au cœur de la ruche,Syndicat des apiculteurs de l'Ain,Ain,page Facebook du syndicat (pas encore créée),th1,f5,p3,t1,,Amateur,03/10/2020,15:00:00,,"Le syndicat des apiculteurs de l’Ain vous invite à une ouverture de ruche. Opération délicate, elle vise à vérifier la bonne santé des abeilles, ou le niveau de production du miel. Une occasion rare d’apprendre à identifier la reine des abeilles !",https://drive.google.com/file/d/19svr1k9pO4GsLcXrkTYtNXZON2Lp17SA/view?usp=sharing,,"En moyenne, combien de kilos de miel une ruche produit-elle chaque année ?",30 kg,15 kg,60 kg,"La production de miel par ruche varie selon les régions et les années. En 2018, selon les chiffres du cabinet Agrex Consulting, elle était 28,7 kg."
08/09/2020 16:25:47,Village virtuel des sciences,École normale supérieure de Lyon,Rhône,http://www.ens-lyon.fr/indexation/agenda/fete-de-la-science-2020,"th1,th3,th4,th5,th6,th7",f11,p2,t3,"Sciences, Physique, Chimie, Biologie, Mathématiques, Climat, Histoire, Littérature, Sciences sociales, Apiculture, Développement durable, etc.",Amateur,,,False,"Edition tout numérique pour l’ENS de Lyon en 2020 ! Le traditionnel Village des sciences rejoint vos écrans du 7 au 10 octobre, et propose, comme toujours, une multitude d’expériences plus passionnantes les unes que les autres : Origami en math, Minute Papillon en physique, Past and Curious en archéo…",https://drive.google.com/file/d/11yjo3zGGqodepkJ0V_F9AkBxFBUseU61/view?usp=sharing,,L’ENS a un lien avec la Révolution française. Savez-vous lequel ?, La tradition des Écoles normales supérieures remonte au Décret du 9 Brumaire AN III,La création de l'école a été décidée le jour de la prise de la Bastille,Le costume d'apparat des normaliens a été dessiné par le député Montagnard JeanPierre Couturier,"La tradition des Écoles normales supérieures remonte au Décret du 9 Brumaire AN III en 1794 qui crée la 1ère ENS. Mais c’est en septembre 1987 que le quartier de Gerland accueille pour la première fois les scientifiques sur le tout nouveau campus Monod, situé derrière la Halle Tony Garnier. L’ENS de Lyon est la 1ère implantation hors Ile-de-France d’une École normale supérieure."
08/09/2020 23:43:09,"Un jour un podcast, les sciences à l'écoute",Université Grenoble Alpes,,https://www.instagram.com/hauteurs_uga,"th1,th3,th6",f14,p4,t1,"Coulisses, actualites, quotidien d'un-e chercheur-se",Curieux,,,False,"Comment se construit la recherche au quotidien ? Chaque jour, suivez le quotidien d’un scientifique de l’Université Grenoble Alpes qui se dévoile dans un court podcast.",https://drive.google.com/file/d/1P5ZWA7M8-HoSApKVNShudqWrypUUgiz9/view?usp=sharing,,Combien l’Université de Grenoble Alpes compte-t-elle de chercheurs et enseignants ?,3100,850,2300,"L’Université Grenoble Alpes compte 3100 chercheurs et enseignants, auxquels il faut aussi ajouter 3 200 doctorants."
08/09/2020 23:52:01,Carte blanche aux scientifiques : leur quotidien en stories !,Université Grenoble Alpes,,https://www.instagram.com/hauteurs_uga/,"th1,th3,th4,th5,th6",f16,p4,t1,"Coulisses, Instagram, quotidien d'un scientifique",Curieux,,,False,"Tous sur Instagram ! Les scientifiques de l'Université Grenoble Alpes vous proposent de découvrir les coulisses de leurs laboratoires, en story, et leur quotidien, de la salle de manip à la machine à café. Vivez avec eux au rythme de la recherche !",https://drive.google.com/file/d/1OwJTkFxJG8xvroltkNfnti2v7RQAbKop/view?usp=sharing,,Qui sont les “Igers” ?, Les utilisateurs d’Instagram,Les fans nostalgiques de l’actrice Suédoise Inger Stevens,"Les employés de Robert Iger, patron de la Walt Disney Company","Instagram s’adresse à ses utilisateurs en les appelant Igers, qui seraient plus d’un milliard à travers le monde."
08/09/2020 23:57:46,Images mystère : percez les secrets de la science !,Unniversité Grenoble Alpes,,https://www.instagram.com/hauteurs_uga/,"th1,th3,th5",f10,p4,t1,,Amateur,,,False,"Réaction chimique, vue microscopique, instrument de recherche... Saurez-vous découvrir ce qui se cache derrière les images mystère ? Jouez sur les réseaux sociaux et tentez de remporter des goodies Fête de la science ! Les réponses sont dévoilées en vidéo à la fin de la journée",https://drive.google.com/file/d/1w4CXA3wV9D7T3iUNOr2gI61Hxj48Xxem/view?usp=sharing,,Le CNRS organise chaque année un concours de photos scientifiques nommé :, La preuve par l’image, Imagiscience, Sciences & images,"Depuis 2019, le CNRS organise le concours “La preuve par l’image” en France, en partenariat avec l’Acfas, l’Association francophone pour le savoir qui l’a créé au Québec en 2010. Le concours est ouvert aux personnels du CNRS et les photos primées sont accessibles au grand public sur le site du CNRS."
09/09/2020 00:03:33,Un(e) scientifique dans mon salon !,Université Grenoble Alpes,,https://www.youtube.com/user/ujfgrenoble,"th1,th3,th4,th5,th6",f1,p4,t4,,Curieux,06/10/2020,19:00:00,,"Rencontrez les scientifiques de l'Université Grenoble Alpes, directement depuis votre canapé, lors de deux soirées live exceptionnelles ! Ils viendront présenter leurs travaux de recherche, rebondir sur l'actualité, et répondre à toutes vos questions, qu'elles portent sur la santé, l'espace, l'environnement…",053-054 ISERE- Scientifique dans mon salon.jpg,,L’Université Grenoble Alpes regroupe :,29 établissements,6 établissements,15 établissements,"Depuis janvier 2020, l’Université Grenoble Alpes rassemble 29 établissements de l’enseignement supérieur public de Grenoble et Valence ainsi que les organismes nationaux de recherche et les grands instruments internationaux de ce territoire."
09/09/2020 00:11:25,Un(e) scientifique dans mon salon !,Université Grenoble Alpes,,https://www.youtube.com/user/ujfgrenoble,"th1,th3,th4,th5,th6",f1,p4,t4,,Curieux,08/10/2020,19:00:00,,"Rencontrez les scientifiques de l'Université Grenoble Alpes, directement depuis votre canapé, lors de deux soirées live exceptionnelles ! Ils viendront présenter leurs travaux de recherche, rebondir sur l'actualité, et répondre à toutes vos questions, qu'elles portent sur la santé, l'espace, l'environnement…",053-054 ISERE- Scientifique dans mon salon.jpg,,L’Université Grenoble Alpes regroupe :,29 établissements,6 établissements,15 établissements,"Depuis janvier 2020, l’Université Grenoble Alpes rassemble 29 établissements de l’enseignement supérieur public de Grenoble et Valence ainsi que les organismes nationaux de recherche et les grands instruments internationaux de ce territoire."
09/09/2020 00:37:37,Let’s play science,Simon Chupin / Mokutesa,,https://www.twitch.tv/mokutesa,th1,f17,p4,t4,Jeu vidéo et sciences,Amateur,03/10/2020,21:00:00,,"Jouez avec Mokutesa, doctorant le jour, streamer la nuit ! Le 3 octobre à 21h, il invite un scientifique à le rejoindre pour une partie de jeu vidéo diffusée sur la plateforme Twitch. L’occasion d’aborder en toute décontraction la science cachée dans les jeux et le travail de recherche de l’invité. ",055 ISERE- Twitch Jeu video.jpg,,"Le streamer, vous connaissez ? Il diffuse en live ses parties de jeux et les commente. Mais le caster, qui est-ce ?", Un commentateur de compétitions de jeux vidéo,Un rongeur semiaquatique qui construit des barrages dans les cours d’eau,"L’invité du streamer, qui joue avec lui","Le caster est un commentateur comme on en trouve notamment dans le sport. Il doit être capable d’indiquer aux spectateurs la manœuvre exécutée en temps réel, la tactique des équipes et d’analyser un match d’eSport dans son intégralité."
09/09/2020 00:55:59,La sélection livre des Modernes,Libraire Les Modernes / La Casemate - Echosciences Grenoble,,https://www.lesmodernes.com/fete-de-la-science-2020/,"th1,th3,th6","f2,f4",p1,t1,"Lecture, livre",Amateur,,,False,"Explorez la relation entre l’homme et la nature en plongeant dans la sélection des livres de la librairie Les Modernes. Quarante-six ouvrages sont présentés et certains commentés dans un ""booktube à essai"" qui détaille les coups de cœur ! Petits et grands, à chaque âge son plaisir de lire.",056 ISERE- Selection Livres.jpg,,Quel livre a reçu le prix du livre scientifique jeunesse 2020 :," ""Océans... Et comment les sauver ?"" d'Amandine Thomas"," ""Quand la nature bouleverse l'Histoire"" de Sylvie Baussier et Clémence Dupont","""L'incroyable destin de Stephen Hawking qui perça les mystères de l'Univers"" de Samir Senoussi et Alexandre Franc","C’est le livre ""Océans... Et comment les sauver ?"" qui a été primé en 2020. Signé par Amandine Thomas, il présente de façon ludique 10 écosystèmes marins, leurs particularités, les risques auxquels ils sont confrontés et des moyens concrets d'agir pour les protéger. Les ouvrages de Sylvie Baussier, Clémence Dupont et Samir Senoussi et Alexandre Franc, font partis de la sélection et sont à découvrir !"
09/09/2020 01:10:42,Sain et sauf ?,Laboratoire Pacte (UGA/CNRS) / La Casemate,,https://www.youtube.com/user/CCSTIGrenoble,"th1,th6","f1,f7",p3,t4,Risques naturels,Amateur,03/10/2020,18:30:00,,"Que feriez-vous confronté à une catastrophe naturelle ? Pour le savoir, venez au théâtre ce soir et observez vos réactions. Souvent, elles diffèrent de celles qu’on penserait avoir. L'émotion joue contre le raisonnement et nous oriente vers le mauvais choix. L'essentiel ? S'en sortir ""sain et sauf"" !",057 ISERE- Sain et Sauf.jpg,,Quelle a été la catastrophe naturelle la plus terrible du 21e siècle ?, Le séisme à Haïti en janvier 2010, Le tsunami dans l’Océan indien en décembre 2004,La grippe saisonnière chaque année dans le monde,"Le séisme à Haïti aurait été l’événement le plus meurtrier du 21e siècle avec un bilan de 280 000 morts (annoncé en février 2010 par le ministère des Communications), tandis que le tsunami aurait conduit à 225 000 décès environ, dont de nombreux disparus. Quant à la grippe saisonnière, à l’origine chaque année de 250 000 morts dan le monde, peut-on la qualifier de catastrophe naturelle ?"
09/09/2020 10:59:56,Les laboratoires du site d'Annecy présentent leurs innovations en période de crise,Université Savoie Mont Blanc,,www.univ-smb.fr (un autre site sera créé spécifiquement mais en cours actuellement),"th2,th5",f2,p3,t4,"innovations, technologie, étudiants, Université, manips",Averti,,,False,Sciences de l’ingénieur et sciences exactes : quelles sont les innovations de l’Université Savoie Mont Blanc ? Les laboratoires d’Annecy organisent un village des sciences virtuel où celles-ci sont présentées en vidéo. Téléportez-vous !,058 HTE SAVOIE- Innovations.jpg,,Qu’est-ce qu’un JetCycle ?, Un vélo d’eau, Un décalage horaire dû aux voyages en avion,Le cycle de vie des objets nonrenouvelables,"Un JetCycle ou VéloNaute est un vélo permettant d’aller sur l’eau, à des vitesses jusqu’à quatre fois supérieures à celles d'un pédalo ! Innovation conçue et fabriquée à l’IUT d’Annecy, il a été présenté en 2019 au village de la Fête de la Science d’Annecy."
09/09/2020 11:07:37,"Nicolas Tesla, inventeur de génie",Université Savoie Mont Blanc,,www.univ-smb.fr,"th2,th5","f2,f3",p3,t4,"brevets, Tesla, inventeur, bobine tesla, turbine tesla, radar",Averti,,,False,"Nicolas Tesla aimait se décrire comme un “découvreur”, alors qu’il était l’un des plus grands scientifiques de son temps, avec 300 brevets déposés, couvrant 125 inventions. Levez le voile sur la vie de cet ingénieur de génie méconnu et expérimentez en ligne ses inventions. C’est fascinant !",059 HTE SAVOIE- Tesla.jpg,,"Tesla, tesla… Cela vous dit quelque chose, mais quoi ?", Le Tesla est l’unité d’induction magnétique, Tesla est une chanson,Tesla est une marque de prêt-à-porter,"Le nom de Nicolas Tesla a été donné au tesla (T), l’unité internationale d’induction magnétique, en 1960, et aussi à la marque de voitures électriques Tesla Inc., créée par Elon Musk en 2003. Rien à voir avec “Tela” (et non Tesla), une ligne de vêtements, venant sans doute du latin tissu, tisserand, toile ou trame, ou avec “T’es là”, une chanson de Garou."